Referrer,Number of Referrals
Dr Jamie Patel,8
Dr Kerryn Gijsbers,7
Dr Amanda Richards,7
Dr A/Prof Michael Hii,6
Dr Dejan Fiser,5
Dr Prof Matthew Read,5
Dr Travis Taggert,4
Dr Mr Eugene Ong,4
Dr Robin Wong,4
Dr A/Prof Pav Nanayakkara,4
Dr Cori Behrenbruch,4
Dr Leila Byrne,3
Dr Pearly Cooray,3
Dr A/Prof Bronte Holt,3
Dr Thiloma Gunasekare,3
Dr Christina Illing,2
Dr Anthony Mariampillai,2
Dr Mr James Keck,2
Dr Shumaila Panhwar,2
Dr Adrian Dragovic,2
Dr Timothy Chew,2
Dr Damian Bradley,2
Dr Catherine Falconer,2
Dr Zoran Ilic,2
Dr Shakya Peiris,2
Dr Katy Simpson,2
Dr Andrew White,2
Dr Martyn Taylor,2
Dr Glen Guerra,2
Dr Vinith Menezes,2
Dr Chung Ping Ben Ooi,2
Dr Shanthini Sathiyalngam,2
Dr Sally Wark,2
Dr Demyana Ayoub,2
Dr Dyana Grover,2
Dr Ashleigh Keating,2
Dr Chunying Zhang,2
Dr Cate Sheppard,2
Dr Zoe Brown,2
Dr Chandrani Jayasekara,2
Dr Mr Michael Johnston,2
Dr Chenfan Xia,2
Dr Muller Matta,2
Dr John Sullivan,2
Dr Xiao Pei Yip,2
Dr Katy Abraham,2
Dr Tom Gleeson,1
Dr David Wilson,1
Dr Mamun Khan,1
Dr Noel Leon,1
Dr Michelle Wellington,1
Dr Blake Parry,1
Dr Keryn Walters,1
Dr Patricia Civitico,1
Dr Swati Mitra,1
Dr Amir Khoellar,1
Dr Michelle Nazareth,1
Dr Alina Yaremenko,1
Dr Louise Huxley,1
Dr Anne Oppermann,1
Dr Taralk Akkireddi,1
Dr Lucien Reynald,1
Dr Paul Tescher,1
Dr Jonathan Nettle,1
Dr Valerie Tay,1
Dr Jodie Gostin,1
Dr Mark Benton,1
Dr Alistair Stark,1
Dr Wenyu Jiao,1
Dr Phillip Boltin,1
Dr Kirsty Campbell,1
Dr Tamson Walpole,1
Dr Sung-Hee Moon,1
Dr Sina Niknejad,1
Dr Lauren Maisey,1
Dr Franziska Levin,1
Dr Amila Fernando,1
Dr Maurice Kohn,1
Dr Cornelius Ferwerda,1
Dr Jeremy Chan,1
Dr Vishwajith Goonewardene,1
Dr Kushali Britto,1
Dr Sandra Farag,1
Dr Michael Waechter,1
Dr Monika Trivedi,1
Dr Sally Cockburn,1
Dr Catherine Streeton,1
Dr Hanna El-Koury,1
Dr Basit Khan,1
Dr David Kosenko,1
Dr Bee Meng Lee,1
Dr Pushpa Bhaskar,1
Dr Richard Blanch,1
Dr Aina Farzana Mohid Azmi,1
Dr Tania Siddiqui,1
Dr Keating Vuong,1
Dr Jessica Jose,1
Dr Jane Healy,1
Dr Mahmoud El-Baky,1
Dr Dilip Ratnam,1
Dr Kashif Ahmad,1
Dr Ralley Prentice,1
Dr Kate Lee,1
Dr Tara Thyagarajan,1
Dr Emily Rubinstein,1
Dr Lauren Andersson,1
Dr Sandeep Dhaliwal,1
Dr Andrew Hadjitofi,1
Dr Effie Frangoulis,1
Dr Dasha Simmonds,1
Dr Rebecca Li,1
Dr Wendy Stevens,1
Dr Magdy Sedrak,1
Dr Karen Freilich,1
Dr Lachlan Mclean,1
Dr Joelene Lau,1
Dr Nicole Urbach,1
Dr Barry Teperman,1
Dr Lucy Haymes,1
Dr Pauline Tyndall,1
Dr Dinusha Arachchige,1
Dr Cate Porter,1
Dr John Russo,1
Dr Melanie Tait,1
Dr Swathi Choyi,1
Dr Karen Du,1
Dr A/Prof Jim Tsaltas,1
Dr Yoni Savicky,1
Dr Charan Koghar,1
Dr Barbara Demediuk,1
Dr Jane Froster,1
Dr Grace Ho,1
Dr Dawn Oi,1
Dr Miss Salena Ward,1
Dr Kieran Garbutcheon-Singh,1
Dr Edward Quan,1
Dr Justin Osborne,1
Dr Sarah Shahzad,1
Dr Emma Kennedy,1
Dr Amar Altabary,1
Dr Chamara Basnayake,1
Dr Arash Nazari,1
Dr Lesley Hoy,1
Dr Julia Sher,1
Dr Muzammel Haque,1
Dr Satish Nagarajah,1
Dr Kirsten Scott,1
Dr Michael Williams,1
Dr Ingrid Lipka,1
Dr Nicholas Ross,1
Dr Owen Harris,1
Dr Ozge Tanrikut,1
Dr Matthew Long,1
Dr Veeresh Aukhojee,1
Dr Nakedi Keetse,1
Dr Jennifer Hall,1
Dr Beth Quin,1
Dr Samantha Turnbull,1
Dr Maysam El-Masri,1
Dr Ching Kay Li,1
Dr Cameron Gibb,1
Dr John Henderson,1
Dr Melodi Yong,1
Dr Remon Eskander,1
Dr Gaurav Sonaria,1
Dr Victor Luu,1
Dr Bhagadatta Chakma,1
Dr Ashraf Zakhary,1
Dr Saba Mirza,1
Dr Angel Yanny,1
Dr Leigh Zhu,1
Dr Xin Jin,1
Dr Chandana Gangodagama,1
Dr Maya Hartono,1
Dr Arezoo Keshavarz,1
Dr P. Sudhakaran,1
Dr Emma Murray,1
Dr Aaranan Paransothy,1
Dr Lakmali Bandara,1
Dr Sharad Rawal,1
Dr Katriona Hill,1
Dr Kieran Hadler,1
Dr Marjan Rostamnejad,1
Dr Claire Veith,1
Dr Syeda Rahman,1
Dr Jamie Mattner,1
Dr Puneet Mahindra,1
Dr Toai Phan,1
Dr Anastasia Sizemova,1
Dr Walid Rostom,1
Dr Abhishek (Ash) Singh,1
